job,jd,candidate,age,sex,interview_time,context,result
清潔員,"崗位名稱： 清潔員
薪酬： 13073
性別年齡： 男，18 - 55
上班時間： 每週6天，每天9小時
食宿： 不包，提供宿舍扣10%
崗位要求：
***提供全身照***
1. 工作時間(用膳時間)：9小時+ 1小時用膳 ，沒有加班！
2. 需要輪班, 需要通宵
3. 會話要求：流利粵語
4. 性別要求：男性
5. 年齡要求：55歲以下
6. 工作經驗要求：優先考慮於酒店，商場，或小區有相關清潔經驗。
崗位描述：
辦公室／寫字樓清潔 廁所／洗手間清潔 學校／課室清潔 屋苑／大廈清潔 
店舖／商場清潔
餐廳清潔 收集、清倒及處理垃圾
全包價11113
備註：劳務費，辦證费，意外保險费均是一次性付清。",谢伟良,53,男,2026/8/21 10:00:00,"面试官1   00:00
Hello, 谢伟良，你好。
谢伟良   00:03
你好啊麻烦你做下。
面试官1   00:05
自我介绍啊，唔该你咁样嘅。
谢伟良   00:08
系，我啊未试过，咁你好，我你好，我叫建永，今年53岁. 
面试官2   00:16
系我我。
谢伟良   00:17
来自广东嘅梅州先嚟嘅。
面试官2   00:22
系我从事。
谢伟良   00:24
保洁工作，几年啊，在嗰啲兴宁嘅星星雅苑小区做嘅，系诶做啲乜嘢负责追。
面试官2   00:34
做啲乜嘢啊小区嗰度小区。
谢伟良   00:39
嗰度就系搞卫生同埋做诶嗰啲嘢㖞，十岁嘅嘢。有时几多绿化嘅嘢，仍然守唔够到嗯人手唔够嘅时间都会诶我哋去帮下手诶咁就系做咗。
面试官2   00:55
几多年啦。
谢伟良   00:56
你做好清洁长时ok，嘅事情，就老豆啊。嗰啲受下垃圾啊，同埋收集嗰啲要嘅纸皮嗰啲，系做咗两三年咯㖞. 
面试官2   01:08
做咗两三年你有冇嚟过香港。
谢伟良   01:11
做咗两三年咯㖞可唔可以。
面试官2   01:13
离开香港。
谢伟良   01:17
系啊依家想去香港嗰度做嘢，我屋企嘅嗰个家人都支持我噶，即系仔女大左想帮下，佢啊嗯。
面试官2   01:27
你诶小朋友有几大啊，读书定系出嚟做嘢。
谢伟良   01:31
啊读书啊啲书俾。
面试官2   01:33
你系读书系咪读书啊，小朋友。
谢伟良   01:37
我仔26岁我我我仔26岁啦，诶都大学毕业啦，所以讲咗诶一个仔一个女。
面试官2   01:47
即系出嚟做嘢噶啦。
谢伟良   01:50
已经系咪，系啊仔女都做做嘢噶啦。就系依家想帮仔讲咗买买屋，想帮下。佢咯，咁唔好，冇钱上去过去嗰度做嘢，赚啲钱咯。
面试官2   02:03
咁。你屋企有有冇老人家啊，爸爸。妈妈仲见唔见嗰位老人家。
谢伟良   02:09
有就系我家姐同埋我细妹去嗰度屋企照顾几多。
面试官2   02:15
哦即系诶家姐同细路仔照顾你老人家啊系咪啊。
谢伟良   02:20
诶老人家安排好噶有有家姐同佢细妹在嗰度都照顾几多。
面试官2   02:26
OK咁，我诶诶嗱，而家咧，我哋有两个公众咧就系缺人嘅，一个咧就系厕所，清洁一个咧就系收潲水嘅，咁厕所嗰度洗手间嗰度咧就咧即系九个钟头咧，就除咗食一个钟头食饭之外咧。就你入边喺长住喺入边噶啦，咁咧负责咧就系话清洁诶洗手间啦，诶抹地啦，诶换厕纸啊，或者诶诶诶诶加翻嗰啲洗手液啊诶即系嗰啲诶洗手盆啊咁诶清洁嗰啲咁样啦一般呢啲咁样。即系特别洗手间诶要做嘅嘢就要喺入边做啦，咁另外咧遭受水咧就系咧，就去指定一啲餐厅帮人修啲厨余咁样嘅咁样一个咧就系厌倦性一个嘅粗重性。咁而家派咗你呢两个岗位。你又会唔会接受。
谢伟良   03:20
都接受到服从公司嘅安排啦，调到啦，公司边度要做嘢嘅都都冇所谓噶都做嘢，嘅话。系，话边度。都要做嘅，系啊系啦。
面试官2   03:31
因为一个就跌一个厌倦嘅，一个就系粗重嘅，咁啊，所以睇，你会唔会接受呢两个岗位先，因为而家，呢两个可能比较血诶缺人啊咁可以可能有机会派咗你呢两个岗位嘅有冇问题都可以嘅。冇问题。
谢伟良   03:48
冇问题，即系譬如诶公司安排要求，我喺边度做都可以噶，我都服从噶，如果，你话。哦，系收抽水我都系系都都行噶啦，收紧抽水你话哦厕厕所嗰度，嘅元素，急有人请假过嚟帮下手都可以嘅都得嘅，系。
面试官2   04:09
嗱，咁呢个人工方面咧，就12000几嘅，咁咧，诶扣除晒所有你嘅譬如诶开支咧。譬如水电煤啊住宿啊交通啊膳食啊咁样。得翻六七千蚊，就喺一般情况之下如果冇OT咁。你会唔会接受。
谢伟良   04:29
呢个价钱都可以假期咧公司安排到几时，有咪有咯都冇冇咩所谓噶，反正出出嚟做嘢噶嘛，系嘛系啦。
面试官2   04:40
因为咧，因为，你扣除咗开支之后咧，得翻六七千蚊港纸。咁，所以即系而家冇OT嘅情况之下，你可唔可以接受呢个价钱先，最紧要。
谢伟良   04:51
都都可以啊都可以嘅都可以。
面试官2   04:59
咁，你识唔识睇繁体字，诶。
谢伟良   05:02
煮饭系嘛。
面试官2   05:03
硬体识不识香港字。
谢伟良   05:06
要要过去有嗰度住㖞喺香港。
面试官2   05:10
住有住宿嘅诶你识唔识睇繁体字啊繁体字。
谢伟良   05:16
繁体字。我系有有啲。我就识得有啲又，唔识得即系我系大陆那边嘅，依家大陆都系用紧贴纸啦咁样说话讲，都冇咩所谓啊。都好，好快学习到就学识识得噶。
面试官2   05:34
哦都识少少嘅系咪。咁意思。
谢伟良   05:37
系啊。
面试官2   05:38
都系系系咁，你有冇买社保啊。
谢伟良   05:42
社保满诶诶呢度大陆呢度有买买社保嘅。
面试官2   05:47
ok咁，你有诶有冇要诶定期要翻国内覆诊啊，攞药啊或者，系冇，即系冇三哥。冇冇其他要翻定期翻国内睇医生或者攞药。咁你有冇冇嘅。
谢伟良   06:03
即系我喺呢度好噶，我都冇咩事噶。
面试官2   06:06
哦，即系身体好健康咁嘅。
谢伟良   06:10
系啊听日都健康嘅，都冇咩事嘅冇冇其他照片嘅。
面试官2   06:14
OK, 咁得啦，咁，你有冇其他嘢要问有冇其他嘢要问。
谢伟良   06:20
都冇咩啊，反正诶过处做嘢都系做其他人嚟噶。哦。
面试官2   06:26
ok, 好啊咁，诶到时再等通知好冇。
面试官1   06:30
好啊唔该晒谢生，有消息嘅话中间会通知翻你嘅，唔该晒，好，拜拜。
谢伟良   06:35
哦，哦，哦，唔该。",不通過
清潔員,"崗位名稱： 清潔員
薪酬： 13073
性別年齡： 男，18 - 55
上班時間： 每週6天，每天9小時
食宿： 不包，提供宿舍扣10%
崗位要求：
***提供全身照***
1. 工作時間(用膳時間)：9小時+ 1小時用膳 ，沒有加班！
2. 需要輪班, 需要通宵
3. 會話要求：流利粵語
4. 性別要求：男性
5. 年齡要求：55歲以下
6. 工作經驗要求：優先考慮於酒店，商場，或小區有相關清潔經驗。
崗位描述：
辦公室／寫字樓清潔 廁所／洗手間清潔 學校／課室清潔 屋苑／大廈清潔 
店舖／商場清潔
餐廳清潔 收集、清倒及處理垃圾
全包價11114
備註：劳務費，辦證费，意外保險费均是一次性付清。",胥直全,48,男,2026/8/21 10:00:00,"胥直全   00:00
另外咧都系啊，系嗰啲做亲戚嗰啲啊，都要差唔多两年噶啦，其实都系。好诶嗰啲诶好自身啦。其实，我哋都系啲苦嘅嗰啲诶所以啊即系电视关系，呢边咧都系可以拣到，我因为我屋企啦诶我冇讲过咧，诶都系嗯，就系讲过。我觉得我哋可以喺嗰边翻工。就系香港咧嗰个大都市系嘛。我哋都希望你诶建设下诶诶嗰啲建设咯啊。
面试官   00:34
系你系，即系做咗两年先结嘅。
胥直全   00:37
系系系喺深喺。
面试官   00:39
诶喺深圳度做咁你有冇嚟过香港啊嗯。
胥直全   00:44
香港我哋，要去。因为我，有朋友都系香港嗰边。我就经常去上水同埋芒果嗰边，上水佢哋多啲咯，我社会喺嗰边嘅。
面试官   00:53
系啊社会喺上水住喺上水住啊。
胥直全   00:56
系啊，系啊。
面试官   00:57
系哦，去上水住咁，你过咗嚟香港，有冇人。你屋企有冇老人家或者小朋友啊。
胥直全   01:05
哦，我小朋友都读大学噶啦。
面试官   01:08
我真系唔使照顾佢噶啦。
胥直全   01:10
系啊唔使。
面试官   01:11
照顾佢啦，咁有冇老人家。
胥直全   01:13
老人家，我爸妈的呢个好竞争嘅，我我系自己诶攞间屋企买咗我嘅。咁样样，咁样都唔使唔使乜嘢噶。
面试官   01:20
即系唔使点样照顾嘅，因为，你一个在香港就惊冇人照顾佢啫，咁，你太太咧，系你太太照顾佢。
胥直全   01:30
仔都唔使，我个仔诶两个一个读大学，一个读高中嘅传媒系好好。以便嘅就系系住喺呢边嘅即系每个月俾啲俾啲生活费比较有得噶啦。
面试官   01:41
Ok ok嗱。咁咧，诶我哋而家咧，有两个工种，一个咧就系洗手间，同埋一个咧，收收潲水呢两个位咧。比较空缺嘅诶咁咧嗱诶嗰个洗手间咧就系咧，九个钟头，除咗一个钟头食饭之外咧，咁。就九个钟头，就像住喺个洗手间入边嘅，咁咧，就主要系做诶洗手间清洁啦，诶抹地啊换厕纸啊，使似诶洗下厕所啊诶抹诶洗下洗洗面盆啦，即系处于洗手间入边嘅清洁嘅工作。咁呢个工作咧就系厌倦性嘅，咁另外一个咧，就收晒水收晒水咧，就系咧，去指定一个餐厅，或者帮人修嗰啲厨余，咁咧呢个咧就系咧，就比较粗重嘅工作。咁而家派咗你呢两个岗位。你会唔会接受我话。
胥直全   02:35
都可以嘅都可以。
面试官   02:37
嘅都可以嘅，咁另外咧。就嗱，譬如而家，你过嚟仲有12000几蚊嘅人工，咁咧扣除你平时开支咧若水电煤啊，住宿啊交通啊。诶即系一切嘅开支啦咁得翻六七千蚊嘅，冇情冇加班嘅情况之下。你接受接唔接受到，哦嗰啲。
胥直全   02:57
冇问题冇问题。
面试官   02:59
冇问题嘅即系冇加冇加班嘅情况之下，六七千蚊，你都可以接受嘅系咪嗯。
胥直全   03:06
可以，可以。
面试官   03:07
可以嘅，咁同埋诶阿仙你识唔识香港字啊即系翻，诶繁体字。
胥直全   03:16
繁体字咁样识啦。因为我经常去上水，我都可以诶平安睇嘅，系啊吓。
面试官   03:22
咁你有冇买社保啊嗯。
胥直全   03:25
喺深圳有买噶㖞有买。
面试官   03:28
社保嘅，系咁，你又唔使唔使诶定期要翻国内覆诊啊嘛。
胥直全   03:35
诶唔使即系诶诶。
面试官   03:36
冇咩三高啊，要翻去定期要翻去攞药啊，哦。
胥直全   03:41
冇冇冇冇冇身体健康嘅。
面试官   03:43
身体健康嘅，系ok。咁诶大致上啦呢啲啦，咁，你有冇嘢要问我哋。
胥直全   03:50
哦，我都想问下佢哋。系诶你头先话诶意思话诶嗰啲厕所。同埋嗰啲时诶同埋嗰啲宿舍属于动用呢个工作。而家系诶紧要啲咯嗯。
面试官   04:05
缺人啲咯，系啦诶冇咗画面。
胥直全   04:09
系张生你好，冇咗话，哦可以啦，诶诶ok ok嗯，系我冇其他嘢问噶啦，你嘅意思，系话诶你嗰边都有住噶吓。
面试官   04:19
系啊。系啊，因为有有住宿嘅，但系咧，定系要住宿者咧，就唔可以去，你亲戚度住咯，因为我哋安排咗，嘅住宿咧，就唔可以喺亲戚度住嘅明唔明白。
胥直全   04:29
明白，明白明白，都可以噶啦，系啊，系啊，系啊。嗰个地方我都知道嘅。
面试官   04:33
系啦系啦系啦，咁，就ok噶啦，咁冇嘢问就到时我哋再联络你啦。
胥直全   04:40
Ok, 多谢面试关系，可能再，再推翻，有消息嘅话中间会通知翻你嘅。
面试官   04:45
唔该晒，ok拜拜。",不通過
清潔員,"崗位名稱： 清潔員
薪酬： 13073
性別年齡： 男，18 - 55
上班時間： 每週6天，每天9小時
食宿： 不包，提供宿舍扣10%
崗位要求：
***提供全身照***
1. 工作時間(用膳時間)：9小時+ 1小時用膳 ，沒有加班！
2. 需要輪班, 需要通宵
3. 會話要求：流利粵語
4. 性別要求：男性
5. 年齡要求：55歲以下
6. 工作經驗要求：優先考慮於酒店，商場，或小區有相關清潔經驗。
崗位描述：
辦公室／寫字樓清潔 廁所／洗手間清潔 學校／課室清潔 屋苑／大廈清潔 
店舖／商場清潔
餐廳清潔 收集、清倒及處理垃圾
全包價11115
備註：劳務費，辦證费，意外保險费均是一次性付清。",袁华贤,54,男,2026/8/21 10:00:00,"面试官1   00:00
Hello袁生，你好。
袁华贤   00:01
Hello诶麻烦你再一次。
面试官1   00:04
我介绍啊。唔该，你诶。
袁华贤   00:07
啊，而家仲死咗个头。
面试官1   00:09
就关咗㖞，我邀请你开启啊，你同意一下。
袁华贤   00:14
好好。
面试官1   00:14
唔好意思点错咗啦，麻烦你继续啊唔该。
面试官2   00:17
系啊。
袁华贤   00:17
我介绍下。哦，哦，哦呢度，好啊你好，系你好，我几好意见怀疑呢诶喺，我屋企四个同埋我老婆同埋一个女仔个女咧读个女咧，读紧大学个仔咧，读紧中学，系诶诶我咧诶有五六年嘅嗰个清洁工作经验啦，系诶琴日之前。咁嗰份工作咧，系做嗰个诶商场写字楼嗰啲工作嘅，咁啊1至3楼系我自己负责嘅，我做咗五年几嗰度可能董事局都系分两班制嘅。分两班制嘅，你好，诶而家，呢份工咧，系一间小区物业公司，咁啊，小区诶诶公共，公共啊。公共设施公共空间嘅嗰个清洁，系咁啊，我个人咧，系比较开朗嘅阳光嘅市面。沟通嘅，而且。我我好勤力，能够克服会，会亦可以多多种嘅睇嚟，都都都都都冇乜问题，系咁啊，你要服从公司嘅管理安排，肯定嘅，系所以。我同，我珍惜呢次机会。
面试官2   01:24
系系咁，你有冇嚟过香港啊。
袁华贤   01:27
啊之前嚟过。
面试官2   01:28
之前嚟过嚟旅游。
袁华贤   01:30
定系乜嘢系系你老板。
面试官2   01:32
系啊你女友系，咁点解会嚟香港谂住嚟香港做嘢，嘅。
袁华贤   01:39
诶第一个就系工资俾。我同我哋，你哋讲好多，系咁整嘅，咁啊，我就系，你读紧书要好需要用钱嘅，所以我紧张嘅，第二个咧。我个人觉香港同埋大陆之间。嘅，好大家差别大家都知道嘅，我好想即系了解下，嗰边嘅嗰个点样生活。点样工作嘅肯，定系俾我哋呢边应该系有优势嘅，所以想学习一下。
面试官2   02:04
哦咁。你诶过咗嚟香港咁，你有冇老人家要照顾或者边个帮。我照顾你老人家。
袁华贤   02:13
诶我乡下有个老豆老母。但系咧，我有两个大，我有两个大佬，两个大佬都喺乡下。所以，我而家，我而家住佛山嘅，我全家都系佛山嘅，系系咁啊，我嗰年，每一年嗰年都有翻，翻翻嗰一次，系咁啊，佢嘅身体仲系健康嘅。
面试官2   02:30
哦，即系即系你屋企有出有爸爸，即系有兄弟姊妹照顾你爸爸，妈妈咁样嘅。
袁华贤   02:36
系系系系两我两个大佬都系乡下哦。
面试官2   02:40
哦，哦咁样，咁咧而家咧我哋咧诶香港咧。我哋有两个位有空缺床位嘅有两个空缺位就比较诶紧张啲嘅，一个咧就系洗手间，清洁一个咧收潲水嘅，咁洗手间清洁咧就系咧九个钟有个一个钟头食饭之外咧，其余几个九个钟入边咧。都喺厕所入边嘅，咁咧继续做清洁啦，不如帮人哋，诶洗厕所啊换厕纸啊诶诶即系简易啊。诶属洗面盆清洁啊，抹地啊即系扫地抹下地啊嗰个地干爽啊，即系一般系洗洗手间清洁嘅即系要做嘅嘢啦，咁呢个就要厌倦性嘅，咁另外一个咧收受税咧。就系咧去指定嗰啲餐厅帮人哋收嗰啲厨余嗰啲嗰啲食物，咁咧，呢个咧，就比较粗重嘅工作。咁，如果派咗嚟，呢两个岗位，你会唔会接受。
袁华贤   03:38
诶我都可以接受接受咧，我以前以前搞，搞嗰个卫生，搞嗰个清洁嗰阵时，长期做，做嘅工作嘅，冇问题嘅今日收到哨水嗰度咧我自己有睇你嘅，你睇下，我系。我系，咁啊，我主要系不同。不同公司安排冇问题嘅系啦。
面试官2   03:57
因为啊厕所就你要成日喺场住喺入边噶啦咁你收潲水咧。就就要可能粗重啲啦，就可能就要吃力啲。就会辛苦啲嘅，咁所以咧，我而家派咗嚟，呢两个岗位咧，你会考虑嘅会。
袁华贤   04:11
我去服从你哋安排，我哋都可以承认。
面试官2   04:14
冇问题嘅冇问题嘅，咁另外，嗱，人工。人工方面咧诶12000几12100 12000几嘅，咁扣除埋，我诶你平时，即系每个月嘅开支啦。譬如诶水电煤啊，诶住宿啊交通啊膳食啊嗰啲距离即系一齐诶一般嘅开支咧得翻，呢六七千蚊。即系冇高赀嘅情况之下，你接唔接受得到啊。
袁华贤   04:40
工资都好高啦。冇问题噶。
面试官2   04:43
啦其实，我而家我想问下而家你国内嘅工资系几多噶其实。5344 4000蚊到啊咁少噶啫。
袁华贤   04:52
咩系啊咁，所以仲要差唔多佢哋咧就要好高噶啦吓。好高噶。你嗰度工资啊几好啊。
面试官2   04:58
呢一个啊，所以，我想同，你讲，唔系，所以呢个如果。佢扣晒所开支包六七千蚊而家有OT嘅。就可能会多啲啦，咁我唔知嗰个场地有冇OT嘅，如果，有OT咁样冇问题啦。如果，冇OT咧，可能得翻一个月得翻六七千蚊。
袁华贤   05:12
唔该，你咁啊咁啊自己可唔可以煮食咧就要自己煮食可以悭啲噶㖞.
面试官2   05:17
我食悭啲啦，住宿嗰啲嚟嚟自己又饭煲又俾你即系住宿你自己自己住啦嗰啲就系好多都系系啊有宿舍有有安排有有饭煲可以你自己煮饭食嘅。
袁华贤   05:30
系啊咁佢自己可以悭噶嘛。
面试官2   05:33
系啦，唔啱咁样得闲钱啊嘛，系啦，令到钱去做嘢。
袁华贤   05:37
系啦，咁呢个咧我就净系得读书都要有几多钱嘅嗯嗯嗯。
面试官2   05:42
咁诶你识唔识睇繁体字啊。
袁华贤   05:45
逼式嘅。
面试官2   05:47
睇繁体字嘅。
袁华贤   05:48
99%啊。
面试官2   05:49
99先睇翻睇先嘅，咁ok啦，咁诶你使有冇买社保啊，你。
袁华贤   05:55
啊，冇噶嘛，我哋呢边好少咩四宝镜我哋呢边。
面试官2   06:00
农农村保啊嗰啲咩保啊，系咪啊农保啊。
袁华贤   06:03
诶之前买过两年社保。即系有啲之前公司有买过，但系公司唔系我哋自己唔买噶嘛，但系买咗两三买咗几年啦，到而家公司唔买啦，唔买都买啦。
面试官2   06:13
即系而家冇买社保咯㖞，用保都冇买啊。
袁华贤   06:16
咩保咩保保有保，保保险。保险，保险，保险嗰啲，我觉得，系有嘅。
面试官2   06:22
哦农村都有。咁你诶使唔使定期要翻国内覆诊，或者要睇医生啊攞药啊嗰啲啊。
袁华贤   06:30
我有个要求，咁，我呢个讲法即系。
面试官2   06:32
身体健康嘅乜嘢都冇嘅净系得唔得嘅。
袁华贤   06:34
系系OK。
面试官2   06:36
咁好啦，咁有冇。
袁华贤   06:38
其他要问我哋诶其他啊，唔好咯，就好珍惜呢次机会咯。我我同佢讲，我会我会令好劲你我能不能安排嘅，你日照啊去边度去边度。
面试官2   06:51
啊ok好啊，好啊咁诶到时我哋通通知。你啊。
袁华贤   06:55
好好，唔该晒。
面试官2   06:56
我觉得。
面试官1   06:56
唔该晒，唔该晒袁生，有消息嘅话中咗冰鲜翻嚟。
面试官2   07:00
唔该晒，拜拜，拜拜，好唔该晒。",通过
